------ пользователи
INSERT INTO Useer (first_name, last_name, phone, email, registration_date) VALUES
('Иван', 'Иванов', '79161234567', 'ivan@mail.ru', '15-01-2021'),
('Анна', 'Петрова', '79262345678', 'anna@mail.ru', '20-02-2023'),
('Алексей', 'Сидоров', '79363456789', 'alex@mail.ru', '10-03-2023'),
('Марина', 'Козлова', '79464567890', 'marina@mail.ru', '05-04-2024'),
('Дмитрий', 'Николаев', '79565678901', 'dima@mail.ru', '12-05-2025'),
('Екатерина', 'Федорова', '79666789012', 'katya@mail.ru', '18-06-2024'),
('Павел', 'Морозов', '79767890123', 'pavel@mail.ru', '22-07-2024'),
('Ольга', 'Волкова', '79868901234', 'olga@mail.ru', '30-08-2019'),
('Сергей', 'Алексеев', '79969012345', 'sergey@mail.ru', '03-09-2024'),
('Татьяна', 'Семенова', '79070123456', 'tanya@mail.ru', '11-10-2022');

------------- самокаты
INSERT INTO Scooter (model, battery_level, status, location_lat, location_lng, last_maintenance) VALUES
('Xiaomi Mi Pro 2', 85, 'available', 61.253873, 73.396004, '20-11-2024'),
('Ninebot Max G30', 92, 'available', 61.254500, 73.397200, '01-12-2024'),
('Kugoo Kirin M4', 45, 'in_use', 61.255100, 73.398300, '15-10-2024'),
('Yamato Spark', 100, 'available', 61.256700, 73.399800, '05-12-2024'),
('Halten Diesel', 23, 'maintenance', 61.257300, 73.400500, '10-09-2024'),
('Xiaomi Mi 3', 78, 'available', 61.258000, 73.401200, '28-11-2024'),
('Ninebot F40', 91, 'available', 61.259500, 73.402800, '10-12-2024'),
('Kugoo S3', 67, 'in_use', 61.260200, 73.403900, '05-11-2024'),
('Yamato Light', 88, 'available', 61.261800, 73.405100, '03-12-2024'),
('Halten Speed', 34, 'maintenance', 61.262500, 73.406300, '25-10-2024');

------ тарифы
INSERT INTO Tariff (name, cost_per_minute, start_fee, is_active) VALUES
('Эконом', 5.00, 0, true),
('Стандарт', 7.50, 15, true),
('Премиум', 10.00, 30, true),
('Ночной', 3.00, 10, true),
('Студенческий', 4.50, 0, false);

----- промокоды 
INSERT INTO Promocode (code, discount_percent, expire_date, max_uses) VALUES
('WELCOME10', 10, '31-12-2024', 100),     
('SUMMER25', 25, '31-08-2024', 50),
('FIRSTRIDE', 15, '31-01-2025', 200),
('WINTER20', 20, '25-12-2024', 75),
('SPRING30', 30, '30-04-2024', 30);

--------- прокаты
INSERT INTO Rental (user_id, scooter_id, tariff_id, promo_id, start_time, end_time, cost, status) VALUES
(1, 1, 1, 1, '01-12-2024 10:30:00', '01-12-2024 11:00:00', 150.00, 'completed'),
(2, 2, 2, NULL, '02-12-2024 14:15:00', '02-12-2024 15:00:00', 337.50, 'completed'),
(3, 3, 3, 2, '03-12-2024 09:00:00', '03-12-2024 09:45:00', 562.50, 'completed'),
(4, 4, 1, NULL, '04-12-2024 18:30:00', NULL, NULL, 'active'),
(5, 5, 4, 3, '05-12-2024 22:00:00', '05-12-2024 23:00:00', 180.00, 'completed'),
(6, 6, 2, 1, '06-12-2024 12:45:00', '06-12-2024 13:30:00', 253.13, 'completed'),
(7, 7, 1, NULL, '07-12-2024 16:20:00', NULL, NULL, 'active'),
(8, 8, 3, 4, '08-12-2024 11:10:00', '08-12-2024 12:10:00', 540.00, 'completed'),
(9, 9, 2, NULL, '09-12-2024 15:45:00', '09-12-2024 16:15:00', 172.50, 'completed'),
(10, 10, 1, 5, '10-12-2024 19:00:00', '10-12-2024 19:30:00', 105.00, 'completed');

----- платежи
INSERT INTO Payment (rental_id, amount, payment_method, payment_date) VALUES
(1, 150.00, 'card', '01-12-2024 11:05:00'),
(2, 337.50, 'phone', '02-12-2024 15:05:00'),
(3, 562.50, 'card', '03-12-2024 09:50:00'),
(5, 180.00, 'cash', '05-12-2024 23:05:00'),
(6, 253.13, 'card', '06-12-2024 13:35:00'),
(8, 540.00, 'phone', '08-12-2024 12:15:00'),
(9, 172.50, 'card', '09-12-2024 16:20:00'),
(10, 105.00, 'phone', '10-12-2024 19:35:00');

--- использование промокодов
INSERT INTO PromoUsage (user_id, promo_id, usage_date, rental_id) VALUES
(1, 1, '01-12-2024 10:28:00', 1),
(3, 2, '03-12-2024 08:55:00', 3),
(5, 3, '05-12-2024 21:58:00', 5),
(6, 1, '06-12-2024 12:42:00', 6),
(8, 4, '08-12-2024 11:05:00', 8),
(10, 5, '10-12-2024 18:57:00', 10);
